name,state,lat,lon,pop_max,kind
Mumbai,Maharashtra,19.01894,72.85504,18978000,Admin-1 capital
Delhi,Delhi,28.67194,77.22806,15926000,Populated place
Kolkata,West Bengal,22.49692,88.32273,14787000,Admin-1 capital
Chennai,Tamil Nadu,13.09193,80.27805,7163000,Admin-1 capital
Bengaluru,Karnataka,12.97194,77.55806,6787000,Admin-1 capital
Hyderabad,Telangana,17.40193,78.47801,6376000,Admin-1 capital
Amaravati,Andhra Pradesh,16.53366,80.52432,5800000,Admin-1 capital
Ahmedabad,Gujarat,23.032,72.57806,5375000,Populated place
Haora,West Bengal,22.58039,88.32995,4841638,Populated place
Pune,Maharashtra,18.53196,73.84806,4672000,Populated place
Surat,Gujarat,21.20193,72.83809,3842000,Populated place
Kanpur,Uttar Pradesh,26.46195,80.31805,3162000,Populated place
Jaipur,Rajasthan,26.92308,75.80804,2917000,Admin-1 capital
Lucknow,Uttar Pradesh,26.85699,80.91305,2695000,Admin-1 capital
Nagpur,Maharashtra,21.17191,79.08805,2454000,Populated place
Patna,Bihar,25.62691,85.12809,2158000,Admin-1 capital
Indore,Madhya Pradesh,22.71701,75.86308,2026000,Populated place
Vadodara,Gujarat,22.31197,73.17807,1756000,Populated place
Bhopal,Madhya Pradesh,23.25193,77.40805,1727000,Admin-1 capital
Coimbatore,Tamil Nadu,11.00191,76.94808,1696000,Populated place
Ludhiana,Punjab,30.92971,75.87031,1649000,Populated place
Agra,Uttar Pradesh,27.17237,78.01308,1592000,Populated place
Kalyan,Maharashtra,19.25023,73.16017,1576614,Populated place
Vishakhapatnam,Andhra Pradesh,17.73196,83.30304,1529000,Populated place
Kochi,Kerala,10.01695,76.22197,1519000,Populated place
Nasik,Maharashtra,20.00237,73.77804,1473000,Populated place
Meerut,Uttar Pradesh,29.00236,77.69805,1398000,Populated place
Faridabad,Haryana,28.43528,77.31472,1394000,Populated place
Varanasi,Uttar Pradesh,25.33194,82.99809,1352000,Populated place
Ghaziabad,Uttar Pradesh,28.66233,77.40645,1341000,Populated place
Asansol,West Bengal,23.68528,86.98139,1328000,Populated place
Jamshedpur,Jharkhand,22.78948,86.19557,1300000,Populated place
Madurai,Tamil Nadu,9.92197,78.11808,1294000,Populated place
Jabalpur,Madhya Pradesh,23.177,79.95311,1285000,Populated place
Rajkot,Gujarat,22.31197,70.79806,1260000,Populated place
Dhanbad,Jharkhand,23.80234,86.41804,1246000,Populated place
Amritsar,Punjab,31.64194,74.86805,1212000,Populated place
Warangal,Telangana,18.01,79.57999,1203853,Populated place
Allahabad,Uttar Pradesh,25.45694,81.83806,1201000,Populated place
Srinagar,Jammu and Kashmir,34.10192,74.81306,1140000,Admin-1 capital
Vijayawada,Andhra Pradesh,16.52191,80.62806,1137000,Populated place
Aurangabad,Maharashtra,19.89764,75.31836,1113000,Populated place
Bhilai,Chhattisgarh,21.21861,81.43139,1097000,Populated place
Sholapur,Maharashtra,17.67235,75.89806,1057000,Populated place
Ranchi,Jharkhand,23.37195,85.32808,1044000,Admin-1 capital
Jodhpur,Rajasthan,26.29371,73.01483,995000,Populated place
Guwahati,Assam,26.16196,91.76805,983000,Populated place
Chandigarh,Chandigarh,30.72194,76.77806,979000,Admin-1 capital
Gwalior,Madhya Pradesh,26.23193,78.17813,978000,Populated place
Thiruvananthapuram,Kerala,8.50193,76.94808,954000,Admin-1 capital
Kozhikode,Kerala,11.25238,75.76804,953000,Populated place
Tiruchirappalli,Tamil Nadu,10.81194,78.68802,951000,Populated place
Hubballi,Karnataka,15.36192,75.12307,890000,Populated place
Mysuru,Karnataka,12.31193,76.65807,887000,Populated place
Raipur,Chhattisgarh,21.23694,81.63306,875000,Admin-1 capital
Salem,Tamil Nadu,11.67194,78.17813,873000,Populated place
Jullundur,Punjab,31.33687,75.56707,855000,Populated place
Bhubaneswar,Odisha,20.27237,85.82542,844000,Admin-1 capital
Kota,Rajasthan,25.18194,75.83305,827000,Populated place
Jhansi,Uttar Pradesh,25.45295,78.55747,826494,Populated place
Bareilly,Uttar Pradesh,28.34733,79.41805,817000,Populated place
Aligarh,Uttar Pradesh,27.89416,78.05984,805000,Populated place
Bhiwandi,Maharashtra,19.35196,73.12805,795000,Populated place
Jammu,Jammu and Kashmir,32.71373,74.84479,791000,Populated place
Moradabad,Uttar Pradesh,28.84374,78.75484,787000,Populated place
Mangaluru,Karnataka,12.90002,74.84999,776632,Populated place
Kolhapur,Maharashtra,16.7,74.22001,750000,Populated place
Amravati,Maharashtra,20.94997,77.77002,734451,Populated place
Dehra Dun,Uttarakhand,30.32041,78.05001,714223,Admin-1 capital
Malegaon,Maharashtra,20.56036,74.525,690844,Populated place
Nellore,Andhra Pradesh,14.43998,79.98994,678004,Populated place
Gorakhpur,Uttar Pradesh,26.75039,83.38002,674246,Populated place
Shivamogga,Karnataka,13.93038,75.56003,654055,Populated place
Tiruppur,Tamil Nadu,11.08042,77.33,650000,Populated place
Raurkela,Odisha,22.23041,84.82995,625831,Populated place
Nanded,Maharashtra,19.16998,77.30003,623708,Populated place
Belagavi,Karnataka,15.86501,74.505,608756,Populated place
Sangli,Maharashtra,16.8604,74.57502,601214,Populated place
Chandrapur,Maharashtra,19.96998,79.30001,595118,Populated place
Ajmer,Rajasthan,26.45,74.63998,589985,Populated place
Cuttack,Odisha,20.47,85.88994,580000,Populated place
Bikaner,Rajasthan,28.03039,73.32993,576015,Populated place
Bhavnagar,Gujarat,21.77842,72.12995,554978,Populated place
Hisar,Haryana,29.16999,75.72503,544829,Populated place
Bilaspur,Chhattisgarh,22.09042,82.15999,543454,Populated place
Tirunelveli,Tamil Nadu,8.73041,77.68998,542200,Populated place
Guntur,Andhra Pradesh,16.33,80.45001,530577,Populated place
Siliguri,West Bengal,26.72042,88.455,515574,Populated place
Ujjain,Madhya Pradesh,23.1904,75.79004,513350,Populated place
Davangere,Karnataka,14.47001,75.92001,503564,Populated place
Akola,Maharashtra,20.70999,77.01002,503502,Populated place
Saharanpur,Uttar Pradesh,29.97002,77.55004,484873,Populated place
Kalaburagi,Karnataka,17.34996,76.82,483615,Populated place
Bhatpara,West Bengal,22.85043,88.52001,483129,Populated place
Dhule,Maharashtra,20.89998,74.77,479073,Populated place
Udaipur,Rajasthan,24.59998,73.73001,469737,Populated place
Ballari,Karnataka,15.15004,76.91504,445388,Populated place
Tuticorin,Tamil Nadu,8.81999,78.13,436094,Populated place
Kurnool,Andhra Pradesh,15.83,78.03001,424920,Populated place
Gaya,Bihar,24.79997,85.00002,423692,Populated place
Sikar,Rajasthan,27.61039,75.14,400000,Populated place
Tumakuru,Karnataka,13.32997,77.10004,399606,Populated place
Kollam,Kerala,8.90037,76.56999,394163,Populated place
Ahmednagar,Maharashtra,19.11042,74.75,391760,Populated place
Bhilwara,Rajasthan,25.35043,74.63502,389911,Populated place
Nizamabad,Telangana,18.6704,78.10003,388505,Populated place
Parbhani,Maharashtra,19.27039,76.76001,378326,Populated place
Shillong,Meghalaya,25.57049,91.88001,375527,Admin-1 capital
Latur,Maharashtra,18.40041,76.56999,374394,Populated place
Rajapalaiyam,Tamil Nadu,9.42039,77.58001,369991,Populated place
Bhagalpur,Bihar,25.23,86.98,361548,Populated place
Muzaffarnagar,Uttar Pradesh,29.48501,77.69504,349706,Populated place
Muzaffarpur,Bihar,26.12043,85.37995,333200,Populated place
Mathura,Uttar Pradesh,27.49999,77.67003,330511,Populated place
Patiala,Punjab,30.32041,76.38499,329224,Populated place
Sagar,Madhya Pradesh,23.85039,78.75002,328240,Populated place
Brahmapur,Odisha,19.31999,84.79998,324726,Populated place
Shahjahanpur,Uttar Pradesh,27.88038,79.90503,320434,Populated place
New Delhi,Delhi,28.60002,77.19998,317797,Admin-0 capital
Rohtak,Haryana,28.90001,76.58002,317245,Populated place
Sambalpur,Odisha,21.47041,83.97006,310852,Populated place
Ratlam,Madhya Pradesh,23.35039,75.02998,307229,Populated place
Firozabad,Uttar Pradesh,27.14998,78.39495,306409,Populated place
Rajahmundry,Andhra Pradesh,17.03034,81.78998,304804,Populated place
Barddhaman,West Bengal,23.25037,87.86496,301725,Populated place
Bidar,Karnataka,17.92292,77.51753,300136,Populated place
Rampur,Uttar Pradesh,28.81536,79.02499,296418,Populated place
Kakinada,Andhra Pradesh,16.96748,82.2375,292923,Populated place
Panipat,Haryana,29.40041,76.96997,292808,Populated place
Khammam,Telangana,17.28043,80.16006,290839,Populated place
Bhuj,Gujarat,23.25037,69.80999,289429,Populated place
Karimnagar,Telangana,18.46044,79.10999,288251,Populated place
Tirupati,Andhra Pradesh,13.65042,79.42,287035,Populated place
Hosapete,Karnataka,15.2804,76.37502,286007,Populated place
Mandya,Karnataka,12.57038,76.92,285034,Populated place
Alwar,Rajasthan,27.54536,76.60493,283228,Populated place
Aizawl,Mizoram,23.7104,92.72002,283021,Admin-1 capital
Vijayapura,Karnataka,16.83542,75.70999,271064,Populated place
Imphal,Manipur,24.79997,93.95002,264986,Admin-1 capital
Etawah,Uttar Pradesh,26.78546,79.01496,257448,Populated place
Raichur,Karnataka,16.21037,77.35501,255240,Populated place
Pathankot,Himachal Pradesh,32.27034,75.72002,253987,Populated place
Chirala,Andhra Pradesh,15.86041,80.34,253000,Populated place
Sonipat,Haryana,29.0,77.01999,250521,Populated place
Mirzapur,Uttar Pradesh,25.14538,82.56999,245817,Populated place
Hapur,Uttar Pradesh,28.74366,77.76279,242920,Populated place
Porbandar,Gujarat,21.66998,69.67,234684,Populated place
Bharatpur,Rajasthan,27.25036,77.50001,229384,Populated place
Puducherry,Puducherry,11.93499,79.83,227411,Admin-1 capital
Karnal,Haryana,29.68045,76.96997,225049,Populated place
Nagercoil,Tamil Nadu,8.18037,77.42999,224329,Populated place
Thanjavur,Tamil Nadu,10.77041,79.15004,219571,Populated place
Pali,Rajasthan,25.79038,73.32993,210103,Populated place
Agartala,Tripura,23.8354,91.28,203264,Admin-1 capital
Ongole,Andhra Pradesh,15.56038,80.05004,202860,Populated place
Puri,Odisha,19.82043,85.90002,201026,Populated place
Dindigul,Tamil Nadu,10.37997,78.00003,200797,Populated place
Haldia,West Bengal,22.02567,88.05833,200762,Populated place
Bulandshahr,Uttar Pradesh,28.41037,77.84842,198612,Populated place
Purnia,Bihar,25.78541,87.47997,198453,Populated place
Proddatur,Andhra Pradesh,14.75043,78.57003,197451,Populated place
Gurgaon,Haryana,28.45001,77.01999,197340,Populated place
Burhanpur,Madhya Pradesh,21.30039,76.13002,197233,Populated place
Gandhinagar,Gujarat,23.3004,72.63995,195891,Admin-1 capital
Machilipatnam,Andhra Pradesh,16.20042,81.18,192827,Populated place
Bhiwani,Haryana,28.81001,76.12501,190855,Populated place
Nandyal,Andhra Pradesh,15.52038,78.47995,188654,Populated place
Bhusawal,Maharashtra,21.02,75.83004,183001,Populated place
Bahraich,Uttar Pradesh,27.62042,81.66994,182218,Populated place
Tonk,Rajasthan,26.15046,75.79004,181734,Populated place
Sirsa,Haryana,29.49038,75.02998,181639,Populated place
Vizianagaram,Andhra Pradesh,18.1204,83.50001,179358,Populated place
Vellore,Tamil Nadu,12.92039,79.15004,177081,Populated place
Alappuzha,Kerala,9.50041,76.37001,176783,Populated place
Simla,Himachal Pradesh,31.10003,77.1666,173503,Admin-1 capital
Medinipur,West Bengal,22.33041,87.15002,169127,Populated place
Hindupur,Andhra Pradesh,13.78036,77.48999,168312,Populated place
Baramula,Jammu and Kashmir,34.20043,74.35003,167986,Populated place
Fatehpur,Uttar Pradesh,25.88037,80.80002,166480,Populated place
Dibrugarh,Assam,27.48332,94.89999,166366,Populated place
Sitapur,Uttar Pradesh,27.63001,80.75,164435,Populated place
Navsari,Gujarat,20.85039,72.92003,163000,Populated place
Budaun,Uttar Pradesh,28.03001,79.08999,161555,Populated place
Cuddalore,Tamil Nadu,11.72041,79.77,158569,Populated place
Hoshiarpur,Punjab,31.51997,75.98,158142,Populated place
Kanchipuram,Tamil Nadu,12.83372,79.71667,155029,Populated place
Faizabad,Uttar Pradesh,26.75039,82.17001,153047,Populated place
Silchar,Assam,24.79041,92.79004,152393,Populated place
Ambala,Haryana,30.32002,76.82,146787,Populated place
Krishnanagar,West Bengal,23.38034,88.53004,145926,Populated place
Kolar,Karnataka,13.13371,78.13336,144625,Populated place
Kumbakonam,Tamil Nadu,10.98048,79.4,139264,Populated place
Tiruvannamalai,Tamil Nadu,12.26037,79.09997,138243,Populated place
Pilibhit,Uttar Pradesh,28.63999,79.81,131008,Populated place
Abohar,Punjab,30.12042,74.29003,130603,Populated place
Port Blair,Andaman and Nicobar,11.66703,92.73598,127562,Admin-1 capital
Alipur Duar,West Bengal,26.48374,89.56667,127342,Populated place
Hathras,Uttar Pradesh,27.59998,78.05001,126882,Populated place
Valparai,Tamil Nadu,10.32042,76.96997,114308,Populated place
Aurangabad,Bihar,24.77041,84.38001,95929,Populated place
Kohima,Nagaland,25.667,94.11657,92113,Admin-1 capital
Gangtok,Sikkim,27.33333,88.61665,77900,Admin-1 capital
Karur,Tamil Nadu,10.95038,78.08334,76915,Populated place
Jorhat,Assam,26.74998,94.21667,69033,Populated place
Panaji,Goa,15.492,73.818,65586,Admin-1 capital
Sopore,Jammu and Kashmir,34.29996,74.46666,63035,Populated place
Tezpur,Assam,26.63376,92.80001,58851,Populated place
Itanagar,Arunachal Pradesh,27.1004,93.6166,44971,Admin-1 capital
Daman,Dadra and Nagar Haveli and Daman and Diu,20.41701,72.85001,39737,Admin-1 capital
Leh,Ladakh,34.16156,77.57229,30870,Admin-1 capital
Silvassa,Dadra and Nagar Haveli and Daman and Diu,20.26658,73.01662,27359,Admin-1 capital
Diu,Dadra and Nagar Haveli and Daman and Diu,20.71967,70.9904,23779,Populated place
Dispur,Assam,26.14402,91.76664,16140,Admin-1 capital
Kavaratti,Lakshadweep,10.56257,72.63687,10688,Admin-1 capital
